[
    {
        "lecture_id": "I040-2-1655-01",
        "lecture_name": "컴퓨터네트워크",
        "lecture_ratings": "4.22",
        "lecture_homework": "없음",
        "lecture_team": "없음",
        "lecutre_grade": "보통",
        "lecutre_attendance": "전자출결",
        "lecutre_test": "2",
        "lecture_testinform": "Closed book"
    },
    {
        "lecture_id": "I040-2-1655-02",
        "lecture_name": "컴퓨터네트워크",
        "lecture_ratings": "4.22",
        "lecture_homework": "없음",
        "lecture_team": "없음",
        "lecutre_grade": "보통",
        "lecutre_attendance": "전자출결",
        "lecutre_test": "2",
        "lecture_testinform": "Closed book"
    },
    {
        "lecture_id": "I040-2-3688-01",
        "lecture_name": "AI수학",
        "lecture_ratings": "4.83",
        "lecture_homework": "보통",
        "lecture_team": "없음",
        "lecutre_grade": "보통",
        "lecutre_attendance": "전자출결",
        "lecutre_test": "2",
        "lecture_testinform": "Closed book"
    },
    {
        "lecture_id": "I040-2-3688-02",
        "lecture_name": "AI수학",
        "lecture_ratings": "4.83",
        "lecture_homework": "보통",
        "lecture_team": "없음",
        "lecutre_grade": "보통",
        "lecutre_attendance": "전자출결",
        "lecutre_test": "2",
        "lecture_testinform": "Closed book"
    },
    {
        "lecture_id": "I040-2-4501-01",
        "lecture_name": "빅데이터프로그래밍",
        "lecture_ratings": "4.04",
        "lecture_homework": "보통",
        "lecture_team": "보통",
        "lecutre_grade": "보통",
        "lecutre_attendance": "전자출결",
        "lecutre_test": "2",
        "lecture_testinform": "Open book"
    },
    {
        "lecture_id": "I040-2-4501-02",
        "lecture_name": "빅데이터프로그래밍",
        "lecture_ratings": "4.04",
        "lecture_homework": "보통",
        "lecture_team": "보통",
        "lecutre_grade": "보통",
        "lecutre_attendance": "전자출결",
        "lecutre_test": "1",
        "lecture_testinform": "Open book"
    },
    {
        "lecture_id": "I040-2-7777-01",
        "lecture_name": "객체지향프로그래밍",
        "lecture_ratings": "4.53",
        "lecture_homework": "보통",
        "lecture_team": "없음",
        "lecutre_grade": "너그러움",
        "lecutre_attendance": "직접호명",
        "lecutre_test": "2",
        "lecture_testinform": "Open book"
    },
    {
        "lecture_id": "I040-2-7777-02",
        "lecture_name": "객체지향프로그래밍",
        "lecture_ratings": "4.53",
        "lecture_homework": "보통",
        "lecture_team": "없음",
        "lecutre_grade": "너그러움",
        "lecutre_attendance": "직접호명",
        "lecutre_test": "2",
        "lecture_testinform": "Open book"
    },
    {
        "lecture_id": "I040-2-8461-01",
        "lecture_name": "오픈소스소프트웨어",
        "lecture_ratings": "4.83",
        "lecture_homework": "보통",
        "lecture_team": "없음",
        "lecutre_grade": "보통",
        "lecutre_attendance": "전자출결",
        "lecutre_test": "2",
        "lecture_testinform": "Open book"
    },
    {
        "lecture_id": "I040-2-9160-01",
        "lecture_name": "인터랙티브미디어개론",
        "lecture_ratings": "4.11",
        "lecture_homework": "보통",
        "lecture_team": "없음",
        "lecutre_grade": "보통",
        "lecutre_attendance": "직접호명",
        "lecutre_test": "1",
        "lecture_testinform": "Closed book"
    },
    {
        "lecture_id": "I040-3-3951-01",
        "lecture_name": "컴퓨터그래픽스",
        "lecture_ratings": "2.64",
        "lecture_homework": "많음",
        "lecture_team": "없음",
        "lecutre_grade": "보통",
        "lecutre_attendance": "전자출결",
        "lecutre_test": "2",
        "lecture_testinform": "Closed book"
    },
    {
        "lecture_id": "I040-3-4139-01",
        "lecture_name": "텍스트마이닝",
        "lecture_ratings": "4.58",
        "lecture_homework": "보통",
        "lecture_team": "보통",
        "lecutre_grade": "보통",
        "lecutre_attendance": "전자출결",
        "lecutre_test": "1",
        "lecture_testinform": "Closed book"
    },
    {
        "lecture_id": "I040-3-4503-01",
        "lecture_name": "IoT시스템설계및실습",
        "lecture_ratings": "4.06",
        "lecture_homework": "없음",
        "lecture_team": "많음",
        "lecutre_grade": "보통",
        "lecutre_attendance": "전자출결",
        "lecutre_test": "0",
        "lecture_testinform": "0"
    },
    {
        "lecture_id": "I040-3-5474-01",
        "lecture_name": "컴퓨터비전",
        "lecture_ratings": "5",
        "lecture_homework": "보통",
        "lecture_team": "없음",
        "lecutre_grade": "보통",
        "lecutre_attendance": "전자출결",
        "lecutre_test": "2",
        "lecture_testinform": "Open book"
    },
    {
        "lecture_id": "I040-3-5474-02",
        "lecture_name": "컴퓨터비전",
        "lecture_ratings": "",
        "lecture_homework": "보통",
        "lecture_team": "없음",
        "lecutre_grade": "보통",
        "lecutre_attendance": "전자출결",
        "lecutre_test": "2",
        "lecture_testinform": "Open book"
    },
    {
        "lecture_id": "I040-3-7737-01",
        "lecture_name": "UX/UI디자인",
        "lecture_ratings": "3.06",
        "lecture_homework": "보통",
        "lecture_team": "많음",
        "lecutre_grade": "보통",
        "lecutre_attendance": "직접호명",
        "lecutre_test": "1",
        "lecture_testinform": "Closed book"
    },
    {
        "lecture_id": "I040-3-9151-01",
        "lecture_name": "기계학습",
        "lecture_ratings": "4.54",
        "lecture_homework": "보통",
        "lecture_team": "많음",
        "lecutre_grade": "너그러움",
        "lecutre_attendance": "전자출결",
        "lecutre_test": "2",
        "lecture_testinform": "Open book"
    },
    {
        "lecture_id": "I040-3-9617-01",
        "lecture_name": "실험설계및분석",
        "lecture_ratings": "4.75",
        "lecture_homework": "보통",
        "lecture_team": "없음",
        "lecutre_grade": "보통",
        "lecutre_attendance": "전자출결",
        "lecutre_test": "2",
        "lecture_testinform": "Closed book"
    },
    {
        "lecture_id": "I040-4-4434-01",
        "lecture_name": "딥러닝프로그래밍",
        "lecture_ratings": "4.33",
        "lecture_homework": "보통",
        "lecture_team": "보통",
        "lecutre_grade": "보통",
        "lecutre_attendance": "직접호명",
        "lecutre_test": "1",
        "lecture_testinform": "Closed book"
    },
    {
        "lecture_id": "I040-4-5471-01",
        "lecture_name": "영상AI생성모델",
        "lecture_ratings": "0",
        "lecture_homework": "0",
        "lecture_team": "0",
        "lecutre_grade": "0",
        "lecutre_attendance": "0",
        "lecutre_test": "0",
        "lecture_testinform": "0"
    },
    {
        "lecture_id": "I040-4-8995-01",
        "lecture_name": "산학협력캡스톤설계1",
        "lecture_ratings": "4",
        "lecture_homework": "보통",
        "lecture_team": "보통",
        "lecutre_grade": "보통",
        "lecutre_attendance": "직접호명",
        "lecutre_test": "0",
        "lecture_testinform": "0"
    },
    {
        "lecture_id": "I040-4-9925-01",
        "lecture_name": "데이터시각화",
        "lecture_ratings": "4.33",
        "lecture_homework": "보통",
        "lecture_team": "보통",
        "lecutre_grade": "너그러움",
        "lecutre_attendance": "직접호명",
        "lecutre_test": "2",
        "lecture_testinform": "Closed book"
    }
]