[
 {
  "lecture_id": "I040-2-1243-01",
  "lecture_name": "자료구조",
  "lecture_course_type": "전필",
  "lecture_hours": 3,
  "lecture_professorname": "박재성",
  "lecture_time": "화3,목4",
  "lecture_semester": 2,
  "lecture_inform": "실생활의 문제를 해결하기 위해 컴퓨터 프로그램이 개발되었습니다. 프로그램에 따르면 컴퓨터는 입력 데이터를 처리하고 출력 데이터를 생성합니다. 본 과목에서는 컴퓨터 프로그램에서 사용되는 다양한 자료구조를 소개한다. 다양한 데이터 구조가 데이터를 저장하는 방식이 강조됩니다. 또한, 컴퓨터 프로그램이 데이터 구조를 이용하여 데이터를 처리하는 알고리즘을 설명한다."
 },
 {
  "lecture_id": "I040-2-1243-02",
  "lecture_name": "자료구조",
  "lecture_course_type": "전필",
  "lecture_hours": 3,
  "lecture_professorname": "박재성",
  "lecture_time": "화5,목6",
  "lecture_semester": 2,
  "lecture_inform": "실생활의 문제를 해결하기 위해 컴퓨터 프로그램이 개발되었습니다. 프로그램에 따르면 컴퓨터는 입력 데이터를 처리하고 출력 데이터를 생성합니다. 본 과목에서는 컴퓨터 프로그램에서 사용되는 다양한 자료구조를 소개한다. 다양한 데이터 구조가 데이터를 저장하는 방식이 강조됩니다. 또한, 컴퓨터 프로그램이 데이터 구조를 이용하여 데이터를 처리하는 알고리즘을 설명한다."
 },
 {
  "lecture_id": "I040-2-3689-01",
  "lecture_name": "인터랙티브심리학",
  "lecture_course_type": "전선",
  "lecture_hours": 3,
  "lecture_professorname": "김현경",
  "lecture_time": "수2",
  "lecture_semester": 2,
  "lecture_inform": "UX 디자인 프로세스에 인지 관련 여러가지 심리 요인들을 접목하여 다차원적인 경험이 가능하게끔 하는 UX 디자인을 위한 심리학을 학습한다. 인간의 시각, 인지, 기억, 감정, 언어, 결정 등과 관련된 심리학을 UX 디자인에 접목하는 방법을 익힌다. 제품, 정보, 시스템, 서비스 등 다양한 기기의 UX 디자인을 대상으로 한다."
 },
 {
  "lecture_id": "I040-1-3687-01",
  "lecture_name": "그래픽디자인",
  "lecture_course_type": "전선",
  "lecture_hours": 3,
  "lecture_professorname": "김미화",
  "lecture_time": "금56",
  "lecture_semester": 2,
  "lecture_inform": "시각디자인 이론 및 컴퓨터그래픽 디자인 기초 실습 능력을 키운다. 컴퓨터 그래픽 디자인 실습(Software: Adobe Illustrator)을 향상시킨다.  피그마 프로그램을 활용하여 디자인 시스템 기초를 이해한다."
 },
 {
  "lecture_id": "I040-3-7740-01",
  "lecture_name": "HCI와UX평가",
  "lecture_course_type": "전선",
  "lecture_hours": 3,
  "lecture_professorname": "김현경",
  "lecture_time": "월4,수3",
  "lecture_semester": 2,
  "lecture_inform": "인간-컴퓨터 인터랙션(Human-computer Interaction; HCI)은 사용자가 기기\/서비스\/정보 사용 시 경험하는 모든 상호작용을 일컫는다. 다양한 종류의 인터랙션(감성\/정보\/인공지능 등) 별 특징을 학습하고, 팀별 새로운 인터페이스\/인터랙션을 개발한다. 개발한 인터랙션 종류를 사용자를 대상으로 직접 평가하여 HCI에 대한 이해를 높인다. 특히 최근 연구되고 있는 Human-AI(인공지능) 인터랙션에 대한 개념을 소개하고, 개발\/디자인\/평가 시 고려해야 하는 사항들에 대해 학습 후, 관련 실습을 수행한다."
 },
 {
  "lecture_id": "I040-2-3688-01",
  "lecture_name": "AI수학",
  "lecture_course_type": "전필",
  "lecture_hours": 3,
  "lecture_professorname": "조민수",
  "lecture_time": "목5",
  "lecture_semester": 1,
  "lecture_inform": "인공지능(AI), 기계학습(ML)은 데이터 과학의 한 분야이며, 선형대수, 확률, 미적분, 최적화 등 다양한 수학 원리를 기초로 하고 있습니다. 이에 따라, 수학적 개념을 충분히 이해하는 것은 관련 데이터 분석 알고리즘의 개념을 이해하는 데 효과적입니다. 본 교과목에서는 고등 교과목이자 핵심 전공 과목인 머신러닝, 데이터마이닝 등의 입문을 위해 필요한 기본적인 수학적 배경을 제공할 예정이며, 선형대수, 미분, 최적화 등을 포함할 것입니다. 또한, 관련 기초 수학의 데이터 분석 알고리즘에 대한 연관성에 대해서도 다룰 예정입니다."
 },
 {
  "lecture_id": "I040-2-3688-02",
  "lecture_name": "AI수학",
  "lecture_course_type": "전필",
  "lecture_hours": 3,
  "lecture_professorname": "조민수",
  "lecture_time": "화4,목3",
  "lecture_semester": 1,
  "lecture_inform": "인공지능(AI), 기계학습(ML)은 데이터 과학의 한 분야이며, 선형대수, 확률, 미적분, 최적화 등 다양한 수학 원리를 기초로 하고 있습니다. 이에 따라, 수학적 개념을 충분히 이해하는 것은 관련 데이터 분석 알고리즘의 개념을 이해하는 데 효과적입니다. 본 교과목에서는 고등 교과목이자 핵심 전공 과목인 머신러닝, 데이터마이닝 등의 입문을 위해 필요한 기본적인 수학적 배경을 제공할 예정이며, 선형대수, 미분, 최적화 등을 포함할 것입니다. 또한, 관련 기초 수학의 데이터 분석 알고리즘에 대한 연관성에 대해서도 다룰 예정입니다."
 },
 {
  "lecture_id": "I040-2-6387-01",
  "lecture_name": "모바일프로그래밍",
  "lecture_course_type": "전필",
  "lecture_hours": 3,
  "lecture_professorname": "김준석",
  "lecture_time": "화1,목2",
  "lecture_semester": 2,
  "lecture_inform": "본 교과목은 자바 프로그래밍 언어에 기반한 모바일 프로그래밍 개요를 학습한다. 안드로이드 플랫폼 환경에서 프로그램을 개발하는 과정을 익힌다. 모바일 플랫폼인 안드로이드 플랫폼의 아키텍처를 이해하고, 자바를 이용한 객체지향개념을 이용한 모바일 프로그래밍 기법을 학습하여, 모바일 어플리케이션을 제작해 봄으로써, 모바일 프로그래밍 능력을 향상시킨다."
 },
 {
  "lecture_id": "I040-2-6387-02",
  "lecture_name": "모바일프로그래밍",
  "lecture_course_type": "전필",
  "lecture_hours": 3,
  "lecture_professorname": "김준석",
  "lecture_time": "화2,목1",
  "lecture_semester": 2,
  "lecture_inform": "본 교과목은 자바 프로그래밍 언어에 기반한 모바일 프로그래밍 개요를 학습한다. 안드로이드 플랫폼 환경에서 프로그램을 개발하는 과정을 익힌다. 모바일 플랫폼인 안드로이드 플랫폼의 아키텍처를 이해하고, 자바를 이용한 객체지향개념을 이용한 모바일 프로그래밍 기법을 학습하여, 모바일 어플리케이션을 제작해 봄으로써, 모바일 프로그래밍 능력을 향상시킨다."
 },
 {
  "lecture_id": "I040-2-6387-03",
  "lecture_name": "모바일프로그래밍",
  "lecture_course_type": "전필",
  "lecture_hours": 3,
  "lecture_professorname": "김준석",
  "lecture_time": "금34",
  "lecture_semester": 2,
  "lecture_inform": "본 교과목은 자바 프로그래밍 언어에 기반한 모바일 프로그래밍 개요를 학습한다. 안드로이드 플랫폼 환경에서 프로그램을 개발하는 과정을 익힌다. 모바일 플랫폼인 안드로이드 플랫폼의 아키텍처를 이해하고, 자바를 이용한 객체지향개념을 이용한 모바일 프로그래밍 기법을 학습하여, 모바일 어플리케이션을 제작해 봄으로써, 모바일 프로그래밍 능력을 향상시킨다."
 },
 {
  "lecture_id": "I040-3-9324-01",
  "lecture_name": "데이터마이닝",
  "lecture_course_type": "전선",
  "lecture_hours": 3,
  "lecture_professorname": "이상민",
  "lecture_time": "화4",
  "lecture_semester": 2,
  "lecture_inform": "- 데이터마이닝은 방대한 데이터에 내재된 패턴과 규칙을 활용하여 현실 문제를 해결하는 실용적인 연구분야입니다.\n- 본 과정은 데이터로부터 유용한 정보를 탐색하고 추출하는 기초 분석능력으로부터, 선형\/비선형적 데이터 패턴에 기반을 둔 학습모델을 구축하고 결과를 해석하는 일련의 과정을 교육합니다.\n- 수업내용은 데이터 전처리와 탐색적 분석, 선형\/로지스틱 회귀, 분류 알고리즘, 차원축소를 포함합니다.\n- 실습은 Python 언어를 기반으로 오픈소스 라이브러리를 활용하여 데이터를 다루고 알고리즘을 구현하며 활용능력을 배양합니다.\n- 팀기반 학습(Team-Based Learning)으로 운영하기에, 1)온라인 강의 선수강, 2) 대면강의 시 퀴즈와 과제수행, 그리고 사례연구를 통해 소규모 팀참여로 참여하게 됩니다.\n- 데이터를 수집하고 분석하고 패턴을 활용할 수 있는 일련의 프로세스를 이해\n- 데이터 패턴에 적합한 학습모델을 학습할 수 있는 능력 배양\n- 현실 문제 해결에 활용되는 데이터마이닝 분석사례 이해"
 },
 {
  "lecture_id": "I040-2-1655-01",
  "lecture_name": "컴퓨터네트워크",
  "lecture_course_type": "전선",
  "lecture_hours": 3,
  "lecture_professorname": "박재성",
  "lecture_time": "화3,목4",
  "lecture_semester": 1,
  "lecture_inform": "사람들은 인터넷을 통한 정보 검색, 업무 처리 등을 당연시하게 받아들일 정도로 인터넷은 일상의 필수품이 되었다. 그러나 인터넷을 통해 사용자가 원하는 정보가 전달되기 위해서는 여러 장비들을 통해 일련의 절차들을 거쳐야 하며 각 절차별로 적절한 데어터 처리와 제어가 이루어져야 한다. 본 강좌에서는 인터넷을 구성하는 노드들과 데이터 전송을 위해 필요한 노드들 간의 상호작용을 다룬다. 이를 위해 프로토콜 계층을 소개하고 인터넷의 동작에 필요한 대표적인 프로토콜들인 TCP\/IP의 기능들을 상세히 소개한다.\n\n- 프로토콜 계층의 개념을 이해한다.\n- 데이터 평면과 제어 평면의 차이를 이해한다.\n- 응용 계층 프로토콜들을 이해한다.\n- 수송 계층 프토토콜들을 이해한다.\n- 인터넷 계층 프로토콜들을 이해한다.\n- 데이터링크 계층 프로토콜들을 이해한다.\n- 소켓 프로그래밍을 이용하여 인터넷을 통해 데이터 송수신 기능을 구현한다."
 },
 {
  "lecture_id": "I040-2-1655-02",
  "lecture_name": "컴퓨터네트워크",
  "lecture_course_type": "전선",
  "lecture_hours": 3,
  "lecture_professorname": "박재성",
  "lecture_time": "화5,목6",
  "lecture_semester": 1,
  "lecture_inform": "사람들은 인터넷을 통한 정보 검색, 업무 처리 등을 당연시하게 받아들일 정도로 인터넷은 일상의 필수품이 되었다. 그러나 인터넷을 통해 사용자가 원하는 정보가 전달되기 위해서는 여러 장비들을 통해 일련의 절차들을 거쳐야 하며 각 절차별로 적절한 데어터 처리와 제어가 이루어져야 한다. 본 강좌에서는 인터넷을 구성하는 노드들과 데이터 전송을 위해 필요한 노드들 간의 상호작용을 다룬다. 이를 위해 프로토콜 계층을 소개하고 인터넷의 동작에 필요한 대표적인 프로토콜들인 TCP\/IP의 기능들을 상세히 소개한다.\n\n- 프로토콜 계층의 개념을 이해한다.\n- 데이터 평면과 제어 평면의 차이를 이해한다.\n- 응용 계층 프로토콜들을 이해한다.\n- 수송 계층 프토토콜들을 이해한다.\n- 인터넷 계층 프로토콜들을 이해한다.\n- 데이터링크 계층 프로토콜들을 이해한다.\n- 소켓 프로그래밍을 이용하여 인터넷을 통해 데이터 송수신 기능을 구현한다."
 },
 {
  "lecture_id": "I040-2-3663-01",
  "lecture_name": "데이터베이스",
  "lecture_course_type": "전선",
  "lecture_hours": 3,
  "lecture_professorname": "임동혁",
  "lecture_time": "월3,수4",
  "lecture_semester": 2,
  "lecture_inform": "각종 정보를 효율적으로 관리하기 위한 데이타베이스 시스템에 대한 데이타 모델링 기법, 화일 시스템의 구성 및 인덱싱 기법, 해싱 기법,데이타베이스의 논리적 구조와 물리적 구조, 각 모델에 따른 각종 질의어(query language) 처리 및 최적화, 동시성 제어(concurrency control), 복구기법(recovery technique) 등의 데이타베이스 설계 기법에 대해서 배운다. (대형 강의실에서 진행되어 SQL은 실습은 온라인 수업으로 진행됨)"
 },
 {
  "lecture_id": "I040-4-9925-01",
  "lecture_name": "데이터 시각화",
  "lecture_course_type": "전선",
  "lecture_hours": 3,
  "lecture_professorname": "조재희",
  "lecture_time": "월3,수4",
  "lecture_semester": 1,
  "lecture_inform": "1. 디지털 시대의 비즈니스 환경에서는 데이터를 기반으로 한 의사결정(data-based decision making)의 중요성이 높아지고 있습니다. 본 교과목은 수강생들이 비즈니스 정보분석 환경을 이해하고, 현업에서 요구되는 정보기반 의사결정을 지원할 수 있는 IT 역량을 학습하도록 설계되었습니다. 특히, 정보분석은 복잡한 컴퓨터 언어로 구현하기 어려운 경우가 많으므로, 데이터 전처리(수집 및 가공)는 Python과 같은 컴퓨터 언어를 활용하고, 복잡하고 다양한 분석은 비주얼 분석 툴인 Tableau를 통해 효율적으로 수행하는 현대적 접근 방식을 반영합니다. 데이터 분석 및 시각화에 관심 있는 학생, 엑셀 초급수준의 비IT 전공 학생, 정융 2,3학년 학생에게 적합한 교과목 입니다. 2. 시공간데이터는 시간변화에 따라 공간이 변화하는 특별한 데이터셋을 일컫는다. RFID, GPS가 비즈니스에 응용되면서 주목을 받기 시작한 연구주제이다. 본 과목에서는 Foursquare 체크인 데이터, 트위터 데이터(geo tweets), 따릉이 OD 및 GPS 데이터, Tmap 검색지 데이터 등을 이용하여 시공간데이터 분석의 필요성과 효과를 체험해 본다, 사용자의 공간분포, 사용자 이동성분포, 사용자 간 링크분석이라는 연구주제에 관해 심도있게 연구하고, 이동체가 아닌 고정체 데이터의 활용법에 대해 연구해 본다. 이동체 데이터는 개인정보 등의 이유로 수집에 한계가 있으나, 고정체(각종 사업장 위치)의 경우 공개되어 있으므로 창의적인 아이디어를 적용하여 새로운 사업기회를 모색해 본다."
 },
 {
  "lecture_id": "I040-3-8566-01",
  "lecture_name": "소셜네트워크분석",
  "lecture_course_type": "전선",
  "lecture_hours": 3,
  "lecture_professorname": "조재희",
  "lecture_time": "월3,수4",
  "lecture_semester": 2,
  "lecture_inform": "1. 소셜네트워크 분석은 한마디로 관계에 대한 심층적인 분석연구라고 할 수 있다. 우리 주위에는 다양한 관계들(가족 관계, 우호 관계, 경쟁 관계, 종속 관계 등)이 생성되고 있는데, 그 관계구조의 전체적인 매커니즘과 관계 참여자(개인, 그룹, 기관)의 네트워크 내 역할을 판별하기 위한 모델과 방법론을 연구한다. 2. 네트워크는 우리 삶의 곳곳에 퍼져 있다. 친구, 통신, 컴퓨터, 웹 및 교통수단은 연결되어 우리에게 편리성을 제공하며, 뇌와 세포 네트워크는 우리의 생존을 결정한다. 네트워크 분석방법론을 학습하고, 이 방법론이 다양한 사회 현상 또는 현업 문제를 분석하고 이해하기 위해 어떻게 활용될 수 있는가를 다룬다. 3. 네트워크의 기본 요소는 노드인데, 노드는 사람 또는 사물이 될 수 있으며, 세상에 존재하는 모든 개체는 서로 직접 또는 간접적으로 관련이 있다. 예를 들어 사람들은 생각, 경험, 정보를 서로 공유하고, 이런 관계를 통해 사회 연결망이 형성된다. 네트워크 분석은 이렇게 만들어진 연결망의 구조를 심층적으로 분석한다. 4. 네트워크 분석 주제는 집단의 응집력 파악, 각 참여자(개인\/그룹\/기관)의 네트워크 내 역할 및 위상 판별, 참여자의 역할변화 예측, 전체 네트워크의 성장\/확산 예측, 그리고 조직 성과와의 관계 측정이다."
 },
 {
  "lecture_id": "I040-2-9160-01",
  "lecture_name": "인터랙티브 미디어개론",
  "lecture_course_type": "전선",
  "lecture_hours": 3,
  "lecture_professorname": "김현경",
  "lecture_time": "월3,수4",
  "lecture_semester": 1,
  "lecture_inform": "최근 웹제작은 다양한 디바이스의 발전으로 좋은 사용자 경험을 제공하기 위해서는 다양한 기법들이 새롭게 적용되어야 한다. 본 수업에서는 전통적인 인터랙티브 미디어인 PC, 모바일 기기에 적합한 웹컨텐츠를 제작하기 위한 기술적인 기법과 프로세스를 학습한다. 웹접근성과 관련된 전문가 세미나를 진행하여, 접근성 관련 지식을 넓힌다. 인터랙티브 프로그래밍에 대한 기초 이론을 학습한다. HTML & CSS & Javascript를 기반으로 웹페이지 제작 실습을 수행하여, 프로그래밍 능력을 향상한다."
 },
 {
  "lecture_id": "I040-3-3951-01",
  "lecture_name": "컴퓨터 그래픽스",
  "lecture_course_type": "전선",
  "lecture_hours": 3,
  "lecture_professorname": "김동준",
  "lecture_time": "화4,목3",
  "lecture_semester": 1,
  "lecture_inform": "본 과목은 컴퓨터 그래픽스의 핵심 이론과 실습을 연계하여 배우는 과정으로, 웹게임을 기본 실습 프레임워크로 활용하여 학생들의 흥미를 높이고 실무 감각을 배양합니다. 초기에는 그래픽스 파이프라인과 좌표 변환, Rasterization, Shader 등 그래픽스 기본 개념을 익히고, Shading·Lighting·Texturing을 단계적으로 학습하면서 프로젝트 기반 실습을 수행합니다. 이후 클리핑·컬링·가속구조(Acceleration Structures) 같은 고급 그래픽스 기법과 후처리(Depth of Field, Bloom, Motion Blur 등)를 다루며, 최신 AI 기술을 접목한 모델·렌더링 기법을 실습하여 게임 제작 과정에서 활용합니다. 마지막에는 실습으로 진행한 웹게임을 변형하고 AI 기반의 트레일러를 완성해 발표함으로써 이론과 실습을 융합해 창의적 결과물을 도출합니다. 최종적으로 AI·그래픽스 융합 역량을 강화하는 것을 목표로 합니다."
 },
 {
  "lecture_id": "I040-3-7737-01",
  "lecture_name": "UX\/UI디자인",
  "lecture_course_type": "전선",
  "lecture_hours": 3,
  "lecture_professorname": "김현경",
  "lecture_time": "수2",
  "lecture_semester": 1,
  "lecture_inform": "디지털 제품을 포함한 모든 제품은, 기술 중심이 아닌 사용자 중심에서 만족스러운 사용자 경험 (User Experience)를 제공해야 한다. 본 수업은 UX\/UI디자인에 필요한 프로세스 및 관련 이론을 배우고, 최신 UX 트렌드인 AI UX, Metaverse UX에 대한 개념도 학습한다. 또한 구현할 수 있는 능력을 배양하기 위해 다양한 디자인, 챗봇, AI 관련 프로그램을 배운다. 특히 생성형 AI UIUX tool에 대한 소개 및 관련 실습을 진행한다. 학기 중반부터 팀별 활동이 중심이 되어 과제\/프로젝트가 수행되고, AI UXUI 프로젝트를 진행한다. UX\/UI 트랜드를 이해하기 위해 현업에 있는 전문가를 초청한 세미나가 진행된다. 본 수업은 월요일은 대면 강의, 수요일은 동영상 강의로 진행될 예정이다. "
 }
]