[
 {
  "세부전공": "VT",
  "카테고리": "졸업",
  "Text": "졸업 필수 과목을 다 들었어?",
  "Completion": "광운인되기' 강의만 수강하시면 됩니다."
 },
 {
  "세부전공": "VT",
  "카테고리": "졸업",
  "Text": "졸업하려면 몇 학점 남았어?",
  "Completion": "졸업하려면 61학점 남았습니다."
 },
 {
  "세부전공": "VT",
  "카테고리": "졸업",
  "Text": "졸업 논문이나 졸업 프로젝트가 필수야?",
  "Completion": "졸업하기 위해서는 졸업 논문 혹은 졸업 프로젝트 둘 중 하나를 필수로 하셔야 합니다."
 },
 {
  "세부전공": "VT",
  "카테고리": "졸업",
  "Text": "졸업 논문이나 프로젝트는 언제부터 준비해야 할까?",
  "Completion": "프로젝트는 보통 3학년 2학기부터 팀을 구하고 4학년부터 본격적으로 준비를 합니다. 졸업 논문은 보통 4학년부터 준비를 합니다."
 },
 {
  "세부전공": "VT",
  "카테고리": "졸업",
  "Text": "졸업까지 최소 몇 학기 남았어?",
  "Completion": "이번 학기 포함 최소 4개의 학기가 남아있습니다."
 },
 {
  "세부전공": "VT",
  "카테고리": "졸업",
  "Text": "우리 학교에서 졸업 유예 신청이 가능해?",
  "Completion": "저희 학교의 경우 졸업 유예 신청은 불가능합니다."
 },
 {
  "세부전공": "VT",
  "카테고리": "졸업",
  "Text": "조기 졸업이 가능한 상황이야?",
  "Completion": "조기 졸업 가능 조건은 6학기 말까지 114학점 이상 취득(계절수업 제외), 7개 학기 이상 이수자로 학칙시행세칙 제16조 평점평균의 산출에 따른 총 평점평균이 4.30 이상인 자(학적부성적 기준),  조기졸업 신청 당해 학기까지 취득한 전과목 성적이 B0 이상인 자(학적부성적 기준) 입니다. 현재 C+인 과목이 있기에 앞으로 재수강한 후 성적을 4.3이상으로 만든다면 가능합니다."
 },
 {
  "세부전공": "VT",
  "카테고리": "재수강",
  "Text": "재수강하면 내 전체 성적 평점이 얼마나 바뀌어?",
  "Completion": "()과목, () 과목 재수강 하셔서 A0을 받게 되실 경우, 최종 학점은 ()입니다."
 },
 {
  "세부전공": "VT",
  "카테고리": "재수강",
  "Text": "나 재수강해야 하는 과목 있어?",
  "Completion": "프로그래밍기초, AI수학, 정보디자인프로그래밍 과목이 C+이하 입니다."
 },
 {
  "세부전공": "VT",
  "카테고리": "재수강",
  "Text": "재수강 가능한 횟수가 어떻게 돼?",
  "Completion": "졸업 전까지 총 8회 가능합니다."
 },
 {
  "세부전공": "VT",
  "카테고리": "재수강",
  "Text": "같은 과목을 재수강할 때 교수님이 바뀌거나 과목이 사라지면 어떻게 해야 해?",
  "Completion": "정보디자인프로그래밍"
 },
 {
  "세부전공": "VT",
  "카테고리": "재수강",
  "Text": "재수강하면 성적표에 재수강 여부가 표시되나?",
  "Completion": "재수강한 과목의 경우, 기존 이수한 과목은 성적증명서에 'R'(Retake)로 표기되며, 해당 과목은 총 취득학점과 전체 평점평균에 포함되지 않습니다. 재수강 이후의 성적만이 반영됩니다."
 },
 {
  "세부전공": "VT",
  "카테고리": "재수강",
  "Text": "F받고 재수강하면 재수강 이력이 남아?",
  "Completion": "F학점을 받은 과목을 재수강하면, 기존 F학점은 성적증명서에 'R'로 표기되어 총 취득학점과 평점평균에 포함되지 않습니다. 재수강한 성적만이 반영됩니다."
 },
 {
  "세부전공": "VT",
  "카테고리": "재수강",
  "Text": "성적이 낮은 전공 필수 과목을 재수강하는 게 나을까, 다른 전공 과목을 듣는 게 나을까?",
  "Completion": "전공 필수 과목의 성적이 낮다면 재수강을 통해 성적을 향상시키는 것이 졸업 요건 충족과 전공 이해도 향상에 도움이 될 수 있습니다. 그러나 다른 전공 과목을 수강하여 학점을 채우는 것도 고려할 수 있습니다. 개인의 학업 계획과 졸업 요건을 고려하여 결정하시기 바랍니다."
 },
 {
  "세부전공": "VT",
  "카테고리": "재수강",
  "Text": "동일 과목은 재수강 몇 번 할 수 있어? ",
  "Completion": "C+ 이하 성적을 받은 과목에 대해 동일 과목으로 인정되는 경우 최대 2회까지 재수강이 가능합니다."
 },
 {
  "세부전공": "VT",
  "카테고리": "학업현황",
  "Text": "지금까지 이수한 과목 리스트를 볼 수 있을까?",
  "Completion": "현재까지 이수하신 과목은 (),(),() 입니다."
 },
 {
  "세부전공": "VT",
  "카테고리": "학업현황",
  "Text": "내 현재 성적 평점이 어떻게 돼?",
  "Completion": "3.65 입니다."
 },
 {
  "세부전공": "VT",
  "카테고리": "장학금",
  "Text": "성적 장학금을 받기 위한 조건이 뭐야?",
  "Completion": "평량평균이 3.0이상이고, 취득학점 17학점 이상(4학년의 경우 12학점 이상)이며 이때 취득학점 대비 전공(인정)학점 비율이 60% 이상인 경우 자동 신청 됩니다."
 },
 {
  "세부전공": "VT",
  "카테고리": "장학금",
  "Text": "화도 동해 장학금 최소 학점이 얼마야? ",
  "Completion": "화도·동해 장학금은 직전 학기 12학점 이상, 평점 2.0 이상이어야 신청 가능합니다."
 },
 {
  "세부전공": "VT",
  "카테고리": "휴학",
  "Text": "휴학은 최대 몇 번까지 가능해?",
  "Completion": "일반휴학을 최대 6학기(3년) 할 수 있으며, 한 번 신청 시 최대 2학기 가능합니다. 군휴학 및 창업휴학은 일반휴학 기간에 포함되지 않습니다. 특별한 사유가 있을 경우 추가 휴학이 가능할 수도 있습니다. (단, 일반휴학기간은 한 번에 두 학기를 초과하지 못하며, 통산 3년(6학기)(연속해서는 2년)을 초과하지 못합니다.)"
 },
 {
  "세부전공": "DS",
  "카테고리": "졸업",
  "Text": "졸업 필수 과목을 다 들었어?",
  "Completion": "광운인되기 강의만 남아있습니다."
 },
 {
  "세부전공": "DS",
  "카테고리": "졸업",
  "Text": "졸업하려면 몇 학점 남았어?",
  "Completion": "61학점 남았습니다."
 },
 {
  "세부전공": "DS",
  "카테고리": "졸업",
  "Text": "졸업 논문이나 졸업 프로젝트가 필수야?",
  "Completion": "네, 졸업을 위해서는 필수입니다."
 },
 {
  "세부전공": "DS",
  "카테고리": "졸업",
  "Text": "졸업 논문이나 프로젝트는 언제부터 준비해야 할까?",
  "Completion": "빠르면 3학년부터 준비하는 경우도 있지만, 대부분 3학년 2학기부터 팀을 구한 후 4학년 때 프로젝트를 진행합니다. 논문의 경우도 대부분 4학년 때 준비합니다."
 },
 {
  "세부전공": "DS",
  "카테고리": "졸업",
  "Text": "졸업까지 최소 몇 학기 남았어?",
  "Completion": "이번 학기 포함 최소 4개 학기가 남아있습니다. 조기 졸업을 원할 경우 3개 학기가 남아있습니다."
 },
 {
  "세부전공": "DS",
  "카테고리": "졸업",
  "Text": "우리 학교에서 졸업 유예 신청이 가능해?",
  "Completion": "졸업 유예 신청은 불가능합니다. 더 정확한 정보는 교육지원팀이나 학과 사무실에 문의해 보기를 추천드립니다."
 },
 {
  "세부전공": "DS",
  "카테고리": "졸업",
  "Text": "조기 졸업이 가능한 상황이야?",
  "Completion": "조기 졸업 가능 조건은 6학기말까지 114학점 이상 취득(계절수업 제외), 7개 학기 이상 이수자로 학칙시행세칙 제16조 평점평균의 산출에 따른 총 평점평균이 4.30 이상인 자(학적부성적 기준),  조기졸업 신청 당해 학기까지 취득한 전과목 성적이 B0 이상인 자(학적부성적 기준) 입니다. 현재 C+인 과목이 있기에 앞으로 재수강한 후 성적을 4.3이상으로 만든다면 가능합니다."
 },
 {
  "세부전공": "DS",
  "카테고리": "재수강",
  "Text": "재수강하면 내 전체 성적 평점이 얼마나 바뀌어?",
  "Completion": "()과목, () 과목 재수강 하셔서 A0을 받게 되실 경우, 최종 학점은 ()입니다."
 },
 {
  "세부전공": "DS",
  "카테고리": "재수강",
  "Text": "나 재수강해야 하는 과목 있어?",
  "Completion": "프로그래밍 기초, 객체지향프로그래밍, 정보디자인프로그래밍 과목이 C+입니다."
 },
 {
  "세부전공": "DS",
  "카테고리": "재수강",
  "Text": "재수강 가능한 횟수가 어떻게 돼?",
  "Completion": "총 8번 가능합니다."
 },
 {
  "세부전공": "DS",
  "카테고리": "재수강",
  "Text": "같은 과목을 재수강할 때 교수님이 바뀌거나 과목이 사라지면 어떻게 해야 해?",
  "Completion": "정보디자인프로그래밍"
 },
 {
  "세부전공": "DS",
  "카테고리": "재수강",
  "Text": "재수강하면 성적표에 재수강 여부가 표시되나?",
  "Completion": "재수강한 과목의 경우, 기존 이수한 과목은 성적증명서에 'R'(Retake)로 표기되며, 해당 과목은 총 취득학점과 전체 평점평균에 포함되지 않습니다. 재수강 이후의 성적만이 반영됩니다."
 },
 {
  "세부전공": "DS",
  "카테고리": "재수강",
  "Text": "F받고 재수강하면 재수강 이력이 남아?",
  "Completion": "F학점을 받은 과목을 재수강하면, 기존 F학점은 성적증명서에 'R'로 표기되어 총 취득학점과 평점평균에 포함되지 않습니다. 재수강한 성적만이 반영됩니다."
 },
 {
  "세부전공": "DS",
  "카테고리": "재수강",
  "Text": "성적이 낮은 전공 필수 과목을 재수강하는 게 나을까, 다른 전공 과목을 듣는 게 나을까?",
  "Completion": "전공 필수 과목의 성적이 낮다면 재수강을 통해 성적을 향상시키는 것이 졸업 요건 충족과 전공 이해도 향상에 도움이 될 수 있습니다. 그러나 다른 전공 과목을 수강하여 학점을 채우는 것도 고려할 수 있습니다. 개인의 학업 계획과 졸업 요건을 고려하여 결정하시기 바랍니다."
 },
 {
  "세부전공": "DS",
  "카테고리": "재수강",
  "Text": "동일 과목은 재수강 몇 번 할 수 있어? ",
  "Completion": "C+ 이하 성적을 받은 과목에 대해 동일 과목으로 인정되는 경우 최대 2회까지 재수강이 가능합니다."
 },
 {
  "세부전공": "DS",
  "카테고리": "학업현황",
  "Text": "지금까지 이수한 과목 리스트를 볼 수 있을까?",
  "Completion": "현재까지 이수하신 과목은 (),(),() 입니다."
 },
 {
  "세부전공": "DS",
  "카테고리": "학업현황",
  "Text": "내 현재 성적 평점이 어떻게 돼?",
  "Completion": "3.71 입니다."
 },
 {
  "세부전공": "DS",
  "카테고리": "장학금",
  "Text": "성적 장학금을 받기 위한 조건이 뭐야?",
  "Completion": "평량평균이 3.0이상이고, 취득학점 17학점 이상(4학년의 경우 12학점 이상)이며 이때 취득학점 대비 전공(인정)학점 비율이 60% 이상인 경우 자동 신청 됩니다."
 },
 {
  "세부전공": "DS",
  "카테고리": "장학금",
  "Text": "화도 동해 장학금 최소 학점이 얼마야? ",
  "Completion": "화도·동해 장학금은 직전 학기 12학점 이상, 평점 2.0 이상이어야 신청 가능합니다."
 },
 {
  "세부전공": "DS",
  "카테고리": "휴학",
  "Text": "휴학은 최대 몇 번까지 가능해?",
  "Completion": "일반휴학을 최대 6학기(3년) 할 수 있으며, 한 번 신청 시 최대 2학기 가능합니다. 군휴학 및 창업휴학은 일반휴학 기간에 포함되지 않습니다. 특별한 사유가 있을 경우 추가 휴학이 가능할 수도 있습니다. (단, 일반휴학기간은 한 번에 두 학기를 초과하지 못하며, 통산 3년(6학기)(연속해서는 2년)을 초과하지 못합니다.)"
 }
]