[
 {
  "세부전공": "VT",
  "카테고리": "강의추천",
  "Text": "3학년 1학기에 들을 만한 과목 추천해줘. (커리큘럼기반)",
  "Completion": "정보융합학부 3학년 1학기 커리큘럼에서 추천하는 과목은  다음과 같습니다.  UX\/UI디자인,실험설계및분석,비주얼컴퓨팅 입니다. "
 },
 {
  "세부전공": "VT",
  "카테고리": "강의추천",
  "Text": "UX\/UI디자인 강의를 듣기 전에 추천하는 선수 과목이 있어?",
  "Completion": "선수 과목으로는 인터랙티브심리학 과목을 추천 드립니다. "
 },
 {
  "세부전공": "VT",
  "카테고리": "강의추천",
  "Text": "(요일)에 수업 듣고 싶어. (DS\/VT)전공 강의 추천해줘 ",
  "Completion": "(요일)에는 VT분야의 (이름)강의를 추천 드립니다."
 },
 {
  "세부전공": "VT",
  "카테고리": "강의추천",
  "Text": "컴퓨터 관련된 원격 수업 100인 수업 두가지 추천해줘 ",
  "Completion": "컴퓨터 관련 원격 수업 100은 (),()입니다."
 },
 {
  "세부전공": "VT",
  "카테고리": "강의추천",
  "Text": "()\/() 요일에만 수업 듣고 싶은데 ()영역 교양 강의 추천해줘",
  "Completion": "()요일 수강 가능한 ()교양 강의는 (),() 입니다. "
 },
 {
  "세부전공": "VT",
  "카테고리": "강의추천",
  "Text": "평점이 4.6 이상인 (DS\/VT)전공 추천해줘.",
  "Completion": "평점 4.6이상인 강의는 (),(),(),() 입니다. 수강에 참고하시길 바랍니다. "
 },
 {
  "세부전공": "VT",
  "카테고리": "강의추천",
  "Text": "월요일 오전에 들을 수 있는 예체능 교양 추천해줘.",
  "Completion": "월요일 오전에 수강 가능한 과목은 ()입니다. "
 },
 {
  "세부전공": "VT",
  "카테고리": "강의추천",
  "Text": "저녁 6시 이후에 듣는 교양 추천해줘.",
  "Completion": "저녁 6시 이후 수강 가능한 과목은 (),()입니다. "
 },
 {
  "세부전공": "VT",
  "카테고리": "강의추천",
  "Text": "이번 학기에 열리는 김현경 교수님 수업 추천해줘.",
  "Completion": "김현경 교수님의 이번학기 수강 가능 과목은 HCI와UX평가와 인터랙티브심리학 입니다. "
 },
 {
  "세부전공": "VT",
  "카테고리": "강의탐색",
  "Text": "() 강의 팀프로젝트가 있어?",
  "Completion": "() 수업은 강의 후기 결과 \"조별과제 많음\"으로 확인 됩니다. "
 },
 {
  "세부전공": "VT",
  "카테고리": "강의탐색",
  "Text": "()강의는 시험이 오픈북이야?",
  "Completion": "()의 시험은 강의 후기 결과 \"Closed book\"로 확인 됩니다. "
 },
 {
  "세부전공": "VT",
  "카테고리": "강의탐색",
  "Text": "UXUI 디자인 강의 수업 방식은 어떤 식으로 진행돼? 발표가 많은 편이야?",
  "Completion": "강의 후기에서는 주제발표와 최종 프로젝트 발표 두번 이뤄집니다. 자세한 내용은 교수님께 문의 하시길 바랍니다. "
 },
 {
  "세부전공": "VT",
  "카테고리": "강의탐색",
  "Text": "() 수업 과목 난이도는 어때? 후기 평점이 궁금해.",
  "Completion": "()과목의 후기 평점은 4.33입니다. "
 },
 {
  "세부전공": "VT",
  "카테고리": "강의탐색",
  "Text": "()강의에서 배우는 핵심 개념은 뭐야?",
  "Completion": "()과목에서 배우는 핵심 개념은 ()으로 많은 도움을 얻을 수 있을 거에요."
 },
 {
  "세부전공": "VT",
  "카테고리": "강의탐색",
  "Text": "()과목은 시험은 몇 번 봐? ",
  "Completion": "()과목에서 시험은 후기 결과 \"두번\"으로 확인됩니다. 자세한 내용은 교수님께 문의해보세요."
 },
 {
  "세부전공": "VT",
  "카테고리": "강의탐색",
  "Text": "()강의는 성적 평가 기준이 어떻게 돼? 시험, 과제, 출석 비율 알려줘.",
  "Completion": "UX\/UI 강의는 출석 10, 중간고사 40, 기말고사 30, 과제보고서 10, 수업태도 10으로 구성되어 있습니다."
 },
 {
  "세부전공": "VT",
  "카테고리": "강의탐색",
  "Text": "()강의 과목 난이도는 어때? 어려운 편이야?",
  "Completion": "본인이 디자인 툴을 다뤄본 경험이 있거나, 관심이 있다면 따라가기에 무리가 없다고 판단되지만, 여러 툴을 다루는 데에 한계가 있는 경우에는 강의를 따라가기에 어렵다고 느끼실 수 있습니다. "
 },
 {
  "세부전공": "VT",
  "카테고리": "강의탐색",
  "Text": "()강의는 팀플만 진행하면 되는 거야? 과제는 없어?",
  "Completion": "UX\/UI 강의는 학기 중반부터 팀별 활동이 중심이 되어 과제\/프로젝트가 수행되고, 개인 과제 제출은 없습니다."
 },
 {
  "세부전공": "VT",
  "카테고리": "강의탐색",
  "Text": "()강의에 실습이 포함돼 있어?",
  "Completion": "UX\/UI 강의는 디자인 실무적 능력을 높이기 위한 실습이 포함되어 있으며, XD, Dialogflow등의 툴을 배우게 됩니다."
 },
 {
  "세부전공": "VT",
  "카테고리": "강의탐색",
  "Text": "()강의 평가에서 성적평가가 엄격하다는 의견이 많아?",
  "Completion": "UX\/UI 강의 성적평가 기준은 '보통'입니다."
 },
 {
  "세부전공": "DS",
  "카테고리": "강의추천",
  "Text": "()학년 ()학기에 들을 만한 과목 추천해줘. (커리큘럼기반)",
  "Completion": "정보융합학부 3학년 1학기 DS 커리큘럼에서 추천하는 과목은  다음과 같습니다.  데이터 마이닝, 데이터베이스 입니다. "
 },
 {
  "세부전공": "DS",
  "카테고리": "강의추천",
  "Text": "데이터 마이닝 강의를 듣기 전에 추천하는 선수 과목이 있어?",
  "Completion": "선수 과목으로는 기계학습 과목을 추천드립니다. "
 },
 {
  "세부전공": "DS",
  "카테고리": "강의추천",
  "Text": "(요일)에 수업 듣고 싶어. (DS\/VT)전공 강의 추천해줘 ",
  "Completion": "(요일)에는 VT분야의 (이름)강의를 추천 드립니다."
 },
 {
  "세부전공": "DS",
  "카테고리": "강의추천",
  "Text": "컴퓨터 관련된 원격 수업 100인 두가지 수업 추천해줘 ",
  "Completion": "컴퓨터 관련 원격 수업 100은 (),()입니다."
 },
 {
  "세부전공": "DS",
  "카테고리": "강의추천",
  "Text": "()\/() 요일에만 수업 듣고 싶은데 ()영역 교양 강의 두가지 추천해줘",
  "Completion": "()요일 수강 가능한 ()교양 강의는 (),() 입니다. "
 },
 {
  "세부전공": "DS",
  "카테고리": "강의추천",
  "Text": "평점이 4.6 이상인 (DS\/VT)전공 추천해줘.",
  "Completion": "평점 4.6이상인 강의는 (),(),(),() 입니다. 수강에 참고하시길 바랍니다. "
 },
 {
  "세부전공": "DS",
  "카테고리": "강의추천",
  "Text": "월요일 오전에 들을 수 있는 예체능 교양 추천해줘.",
  "Completion": "월요일 오전에 수강 가능한 과목은 ()입니다. "
 },
 {
  "세부전공": "DS",
  "카테고리": "강의추천",
  "Text": "저녁 6시 이후에 듣는 교양 추천해줘.",
  "Completion": "저녁 6시 이후 수강 가능한 과목은 (),()입니다. "
 },
 {
  "세부전공": "DS",
  "카테고리": "강의추천",
  "Text": "이번 학기에 열리는 이상민 교수님 수업 추천해줘.",
  "Completion": "이상민 교수님의 이번 학기 수강 가능 과목은 데이터 마이닝입니다. "
 },
 {
  "세부전공": "DS",
  "카테고리": "강의탐색",
  "Text": "()강의 팀프로젝트가 있어?",
  "Completion": "() 수업은 강의 후기 결과 \"조별과제 많음\"으로 확인 됩니다. "
 },
 {
  "세부전공": "DS",
  "카테고리": "강의탐색",
  "Text": "()강의는 시험이 오픈북이야?",
  "Completion": "()의 시험은 강의 후기 결과 \"Open book\"로 확인 됩니다. "
 },
 {
  "세부전공": "DS",
  "카테고리": "강의탐색",
  "Text": "텍스트마이닝 강의 수업 방식은 어떤 식으로 진행돼? 발표가 많은 편이야?",
  "Completion": "강의 후기에서는 주제발표와 최종 프로젝트 발표 두번 이뤄집니다. 자세한 내용은 교수님께 문의 하시길 바랍니다. "
 },
 {
  "세부전공": "DS",
  "카테고리": "강의탐색",
  "Text": "() 수업 과목 난이도는 어때? 후기 평점이 궁금해.",
  "Completion": "()과목의 후기 평점은 4.33입니다. "
 },
 {
  "세부전공": "DS",
  "카테고리": "강의탐색",
  "Text": "()강의에서 배우는 핵심 개념은 뭐야?",
  "Completion": "()과목에서 배우는 핵심 개념은 ()으로 많은 도움을 얻을 수 있을 거에요."
 },
 {
  "세부전공": "DS",
  "카테고리": "강의탐색",
  "Text": "()과목은 시험은 몇 번 봐? ",
  "Completion": "()과목에서 시험은 후기 결과 \"두번\"으로 확인됩니다. 자세한 내용은 교수님께 문의해보세요."
 },
 {
  "세부전공": "DS",
  "카테고리": "강의탐색",
  "Text": "()강의는 성적 평가 기준이 어떻게 돼? 시험, 과제, 출석 비율 알려줘.",
  "Completion": "텍스트마이닝 강의는 출석 10, 중간고사 40, 기말고사 40, 과제보고서 10 으로 구성되어 있습니다."
 },
 {
  "세부전공": "DS",
  "카테고리": "강의탐색",
  "Text": "()강의 과목 난이도는 어때? 어려운 편이야?",
  "Completion": "텍스트마이닝 강의 난이도는 매우 어려운 편입니다. "
 },
 {
  "세부전공": "DS",
  "카테고리": "강의탐색",
  "Text": "()강의는 팀플만 진행하면 되는 거야? 과제는 없어?",
  "Completion": "텍스트마이닝 강의는 개인과제와 팀프로젝트를 모두 수행해야 하는 강의입니다."
 },
 {
  "세부전공": "DS",
  "카테고리": "강의탐색",
  "Text": "()강의에 실습이 포함돼 있어?",
  "Completion": "텍스트마이닝 강의에 실습은 포함되어 있지 않습니다. "
 },
 {
  "세부전공": "DS",
  "카테고리": "강의탐색",
  "Text": "()강의 평가에서 성적평가가 엄격하다는 의견이 많아?",
  "Completion": "텍스트마이닝 강의 성적평가 기준은 '보통'입니다."
 }
]