[
 {
  "세부전공": "VT",
  "카테고리": "진로에 따른 강의 추천",
  "Text": "처음 프론트 분야를 배우는데 어떤 과목을 들어야 해?",
  "Completion": "처음 프론트엔드 분야를 배우려면 1학기에는 인터랙티브 미디어 개론 수업을 듣는 것이 좋습니다. 이 수업에서는 HTML과 CSS 등을 활용해 홈페이지를 만들면서 디자인 경험을 쌓을 수 있습니다. 이후 2학기에는 정보디자인프로그래밍 수업을 들으면서 팀 프로젝트를 통해 프론트엔드 개발을 실습해볼 수 있습니다. 이를 통해 프론트엔드 직무를 간접적으로 경험해볼 수 있습니다."
 },
 {
  "세부전공": "VT",
  "카테고리": "진로에 따른 강의 추천",
  "Text": "프론트 실습이 많은 수업 추천해줘.",
  "Completion": "2학년 1학기에 열리는 인터랙티브 미디어 개론 수업과 2학년 2학기에 열리는 정보디자인프로그래밍 수업을 추천합니다."
 },
 {
  "세부전공": "VT",
  "카테고리": "진로에 따른 강의 추천",
  "Text": "데이터 사이언스 및 AI 직무를 준비하려면 꼭 들어야 할 과목이 뭐야?",
  "Completion": "빅데이터 프로그래밍, 데이터베이스, AI수학, 기계학습, 텍스트마이닝, 컴퓨터비전, 데이터마이닝, 데이터사이언스개론 수업등을 추천합니다."
 },
 {
  "세부전공": "VT",
  "카테고리": "진로에 따른 강의 추천",
  "Text": "학교 수업들 중에 협업 경험을 쌓을 수 있게 팀프로젝트를 진행하는 수업 추천해줘",
  "Completion": "기계학습, 데이터마이닝, 웹서비스설계및실습, 정보디자인프로그래밍, 텍스트마이닝 등 수업에서 팀프로젝트를 경험해 볼 수 있습니다."
 },
 {
  "세부전공": "VT",
  "카테고리": "진로에 따른 강의 추천",
  "Text": "클라우드(AWS, GCP 등) 기술을 다루는 수업이 있나?",
  "Completion": "오픈소스소프트웨어 수업과 웹서비스설계및실습 수업에서 경험해 볼 수 있습니다."
 },
 {
  "세부전공": "VT",
  "카테고리": "진로상담",
  "Text": "자대 대학원 진학시 이점이 궁금해",
  "Completion": "기존에 알고 있는 교수님이나 연구실 네트워크를 활용하기 쉬워 안정적인 연구 환경을 만들 수 있습니다. 행정적·학문적 연속성도 이어갈 수 있어 적응 기간이 짧습니다."
 },
 {
  "세부전공": "VT",
  "카테고리": "진로상담",
  "Text": "현재 VT 전공을 하고 있는데 직무를 못 정하고 있는데 어떻게 해야 할까?",
  "Completion": "관심 있는 분야를 중심으로 짧은 실습이나 프로젝트를 먼저 해보시길 추천드립니다. 실제 경험이 직무 선택에 큰 도움을 줍니다."
 },
 {
  "세부전공": "VT",
  "카테고리": "진로상담",
  "Text": "UI\/UX 디자인에 관심 많은데 어떤 직업이 적합할까?",
  "Completion": "UX 디자이너, UI 디자이너, 프로덕트 디자이너 같은 직무가 잘 맞습니다. 사용자 중심 사고와 디자인 툴(Figma 등) 역량이 중요합니다."
 },
 {
  "세부전공": "VT",
  "카테고리": "진로상담",
  "Text": "석사 진학시 이후 진로가 궁금해~",
  "Completion": "석사 이후에는 R&D 연구원, 데이터사이언티스트, AI 개발자 등 전문 직무로 나아갈 수 있습니다. 박사 진학이나 산학 협력 창업도 가능성 있습니다."
 },
 {
  "세부전공": "VT",
  "카테고리": "진로상담",
  "Text": "만약 경험을 쌓다가 프론트 개발자가 잘 안 맞는다면 추천하는 비슷한 직무가 있어?",
  "Completion": "UX 기획자, 웹 퍼블리셔, PM 등 시각 중심 협업 직무가 적합할 수 있습니다."
 },
 {
  "세부전공": "VT",
  "카테고리": "진로상담",
  "Text": "UI 디자인이랑 프론트 개발 중 어떤 진로가 나한테 맞을까?",
  "Completion": "시각적인 표현과 구성에 흥미가 많고 툴(Figma 등) 다루는 걸 좋아하신다면 UI 디자인이 더 잘 맞을 수 있습니다. 반면 로직 구현이나 사용자 인터랙션을 직접 코딩하고 싶은 성향이면 프론트 개발 쪽이 더 적합합니다."
 },
 {
  "세부전공": "VT",
  "카테고리": "정보제공",
  "Text": "실무에서 많이 쓰이는 프론트 프레임워크는 뭐가 있어?",
  "Completion": "React, Vue, Next.js가 가장 많이 사용됩니다."
 },
 {
  "세부전공": "VT",
  "카테고리": "정보제공",
  "Text": "UI\/UX 디자인을 배우려면 기초적으로 어떤 개념부터 공부해야 해?",
  "Completion": "UI\/UX 디자인을 배우려면 먼저 사용자 중심 사고, 디자인 원칙(가독성, 정렬, 일관성 등), 그리고 정보 구조화(IA) 개념부터 이해하는 것이 중요합니다."
 },
 {
  "세부전공": "VT",
  "카테고리": "정보제공",
  "Text": "프론트 개발자로 성장하려면 어떤 언어 부터 시작해야 할까?",
  "Completion": "HTML, CSS, JavaScript를 먼저 학습하고 React까지 확장하시는 걸 추천드립니다."
 },
 {
  "세부전공": "VT",
  "카테고리": "정보제공",
  "Text": "프론트 직무를 희망할 때 갖추면 좋은 자격증에는 어떤 것들이 있을까?",
  "Completion": "정보처리기사, 웹디자인 기능사 등 기초 역량을 증명하는 자격증이 유용합니다."
 },
 {
  "세부전공": "VT",
  "카테고리": "정보제공",
  "Text": "휴학 중에 프론트 개발 역량을 키우려면 어떤 활동이 효과적이야?",
  "Completion": "개인 웹사이트나 포트폴리오 페이지를 직접 만들고 배포해보는 것이 좋습니다. 실무와 유사한 UI 구성, 반응형 설계 경험이 도움이 됩니다."
 },
 {
  "세부전공": "VT",
  "카테고리": "정보제공",
  "Text": "자대 대학원 진학 예정인데 유용한 학교 연계 프로그램이 있을까?",
  "Completion": "산학협력 연구, 기업 인턴십, 캡스톤 디자인, 기술 창업 프로그램 등 다양한 연계 활동이 있을 수 있습니다. 소속 연구실을 통해 참여 기회를 넓혀가세요."
 },
 {
  "세부전공": "VT",
  "카테고리": "정보제공",
  "Text": "프론트 직무에서 중요하게 평가하는 역량은 뭐야?",
  "Completion": "UI\/UX 이해, 협업 능력, 유지보수 용이한 코드 작성 역량이 중요합니다. 사용자 친화적인 화면 구성과 커뮤니케이션 능력이 함께 평가됩니다."
 },
 {
  "세부전공": "VT",
  "카테고리": "정보제공",
  "Text": "추천하는 프론트 관련 프로젝트 주제가 있을까?",
  "Completion": "반응형 일정 앱, 날씨 기반 서비스 제작이 좋습니다. 실제 사용자 경험을 고려해 인터랙션을 설계해보는 것이 좋습니다."
 },
 {
  "세부전공": "VT",
  "카테고리": "정보제공",
  "Text": "UI 디자인이나 프론트엔드 개발 관련 직무는 어떤 것들이 있어?",
  "Completion": "UI 디자인이나 프론트엔드 개발 관련 직무에는 UI 디자이너, 프론트엔드 개발자, 웹 퍼블리셔, 프로덕트 디자이너, 인터랙션 디자이너 등이 있습니다."
 },
 {
  "세부전공": "DS",
  "카테고리": "진로에 따른 강의 추천",
  "Text": "처음 백 분야를 배우는데 어떤 과목을 들어야 해?",
  "Completion": "처음 백엔드 분야를 배우려면 1학기에는 객체지향프로그래밍 수업을 들으며 Java 언어를 학습하고, Python 외의 기본 프로그래밍 언어를 익히면서 코딩의 기초를 다질 수 있습니다.이후 2학기에는 데이터베이스 수업을 들으며 SQL과 같은 데이터 관리 기술을 학습할 수 있습니다. 그리고 3학년 2학기에는 웹 서비스 설계 및 실습 수업을 들으며 협업 프로젝트에서 백엔드 개발을 경험해볼 수 있습니다. 추가로, 백엔드 개발을 깊이 있게 공부하려면 자료구조 수업을 통해 효율적인 데이터 처리 방식을 익히고, 컴퓨터 네트워크 수업을 통해 서버와 클라이언트 간의 데이터 송수신 원리를 이해하는 것이 도움이 됩니다."
 },
 {
  "세부전공": "DS",
  "카테고리": "진로에 따른 강의 추천",
  "Text": "백 실습이 많은 수업 추천해줘.",
  "Completion": "3학년 2학기에 열리는 웹서비스설계및실습수업을 추천드립니다."
 },
 {
  "세부전공": "DS",
  "카테고리": "진로에 따른 강의 추천",
  "Text": "데이터 실습이 많은 수업 추천해줘.",
  "Completion": "2학년 2학기에 열리는 데이터사이언스개론 수업을 추천합니다."
 },
 {
  "세부전공": "DS",
  "카테고리": "진로에 따른 강의 추천",
  "Text": "데이터 사이언스 및 AI 직무를 준비하려면 꼭 들어야 할 과목이 뭐야?",
  "Completion": "빅데이터 프로그래밍, 데이터베이스, AI수학, 기계학습, 텍스트마이닝, 컴퓨터비전, 데이터마이닝, 데이터사이언스개론 수업등을 추천합니다."
 },
 {
  "세부전공": "DS",
  "카테고리": "진로에 따른 강의 추천",
  "Text": "학교 수업들 중에 협업 경험을 쌓을 수 있게 팀프로젝트를 진행하는 수업 추천해줘",
  "Completion": "기계학습, 데이터마이닝, 웹서비스설계및실습, 정보디자인프로그래밍, 텍스트마이닝 등 수업에서 팀프로젝트를 경험해 볼 수 있습니다."
 },
 {
  "세부전공": "DS",
  "카테고리": "진로에 따른 강의 추천",
  "Text": "클라우드(AWS, GCP 등) 기술을 다루는 수업이 있나?",
  "Completion": "오픈소스소프트웨어 수업과 웹서비스설계및실습 수업에서 경험해 볼 수 있습니다."
 },
 {
  "세부전공": "DS",
  "카테고리": "진로상담",
  "Text": "자대 대학원 진학시 이점이 궁금해",
  "Completion": "기존에 알고 있는 교수님이나 연구실 네트워크를 활용하기 쉬워 안정적인 연구 환경을 만들 수 있습니다. 행정적·학문적 연속성도 이어갈 수 있어 적응 기간이 짧습니다."
 },
 {
  "세부전공": "DS",
  "카테고리": "진로상담",
  "Text": "현재 DS 전공을 하고 있는데 직무를 못 정하고 있는데 어떻게 해야 할까?",
  "Completion": "관심 있는 분야를 중심으로 짧은 실습이나 프로젝트를 먼저 해보시길 추천드립니다. 실제 경험이 직무 선택에 큰 도움을 줍니다."
 },
 {
  "세부전공": "DS",
  "카테고리": "진로상담",
  "Text": "머신러닝에 관심 많은데 어떤 직업이 적합할까?",
  "Completion": "머신러닝에 관심이 많으시다면 데이터사이언티스트, AI 엔지니어, ML 엔지니어 같은 직무가 적합합니다. 모델 개발뿐 아니라 데이터 전처리, 피처 엔지니어링, 성능 개선까지 전체 과정을 다루는 역할입니다. 연구지향이라면 연구원, 실무지향이라면 서비스 적용형 AI 직무로도 진출할 수 있습니다."
 },
 {
  "세부전공": "DS",
  "카테고리": "진로상담",
  "Text": "석사 진학시 이후 진로가 궁금해~",
  "Completion": "석사 이후에는 R&D 연구원, 데이터사이언티스트, AI 개발자 등 전문 직무로 나아갈 수 있습니다. 박사 진학이나 산학 협력 창업도 가능성 있습니다."
 },
 {
  "세부전공": "DS",
  "카테고리": "진로상담",
  "Text": "만약 경험을 쌓다가 백 개발자가 잘 안 맞는다면 추천하는 비슷한 직무가 있어?",
  "Completion": "DevOps, 데이터 엔지니어, 시스템 설계 분야로 확장해보실 수 있습니다."
 },
 {
  "세부전공": "DS",
  "카테고리": "진로상담",
  "Text": "데이터 분석이랑 백엔드 개발 중 어떤 진로가 나한테 맞을까?",
  "Completion": "수치와 패턴 분석이 재미있다면 데이터 분석이, 로직과 구조 구현이 즐겁다면 백엔드 개발이 적합합니다. 작은 프로젝트로 직접 비교해보는 것도 좋은 방법입니다."
 },
 {
  "세부전공": "DS",
  "카테고리": "정보제공",
  "Text": "실무에서 많이 쓰이는 백 프레임워크는 뭐가 있어?",
  "Completion": "Spring Boot(Java), Django(Python), Express(Node.js)가 대표적입니다."
 },
 {
  "세부전공": "DS",
  "카테고리": "정보제공",
  "Text": "머신러닝을 배우려면 기초적으로 어떤 개념부터 공부해야 해?",
  "Completion": "선형대수, 확률통계, 미분 적분 같은 수학적 기초와 Python 프로그래밍을 먼저 익히는 것이 좋습니다. 이후 기본 알고리즘 개념을 이해하시면 됩니다."
 },
 {
  "세부전공": "DS",
  "카테고리": "정보제공",
  "Text": "백 개발자로 성장하려면 어떤 언어 부터 시작해야 할까?",
  "Completion": "Python이나 Java로 기본 로직과 서버 구성부터 익히시면 좋습니다."
 },
 {
  "세부전공": "DS",
  "카테고리": "정보제공",
  "Text": "백 직무를 희망할 때 갖추면 좋은 자격증에는 어떤 것들이 있을까?",
  "Completion": "정보처리기사, AWS 클라우드, 리눅스 마스터 등 인프라 관련 자격증이 실무에 도움됩니다."
 },
 {
  "세부전공": "DS",
  "카테고리": "정보제공",
  "Text": "데이터 직무를 희망할 때 갖추면 좋은 자격증에는 어떤 것들이 있을까?",
  "Completion": "SQLD, ADsP, ADP, TensorFlow Developer 등 분석·모델링 관련 자격증이 취업에 활용됩니다."
 },
 {
  "세부전공": "DS",
  "카테고리": "정보제공",
  "Text": "휴학 중에 데이터 개발 역량을 키우려면 어떤 활동이 효과적이야?",
  "Completion": "kaggle 대회, 공공데이터 분석, 시각화 실습으로 데이터 처리 전 과정을 경험해보세요. 결과물을 정리해 포트폴리오로 활용하는 것도 추천드립니다."
 },
 {
  "세부전공": "DS",
  "카테고리": "정보제공",
  "Text": "휴학 중에 백엔드 개발 역량을 키우려면 어떤 활동이 효과적이야?",
  "Completion": "로그인, 게시판, API 구현 등 기능 중심의 서버 개발 프로젝트가 효과적입니다. 클라우드 배포까지 해보면 취업 시 어필할 수 있는 포인트가 됩니다."
 },
 {
  "세부전공": "DS",
  "카테고리": "정보제공",
  "Text": "자대 대학원 진학 예정인데 유용한 학교 연계 프로그램이 있을까?",
  "Completion": "산학협력 연구, 기업 인턴십, 캡스톤 디자인, 기술 창업 프로그램 등 다양한 연계 활동이 있을 수 있습니다. 소속 연구실을 통해 참여 기회를 넓혀가세요."
 },
 {
  "세부전공": "DS",
  "카테고리": "정보제공",
  "Text": "백 직무에서 중요하게 평가하는 역량은 뭐야?",
  "Completion": "데이터 처리 능력, 시스템 안정성, 문제 해결 능력이 핵심입니다. 확장성과 보안성까지 고려한 구조 설계 경험도 좋은 평가 요소입니다."
 },
 {
  "세부전공": "DS",
  "카테고리": "정보제공",
  "Text": "추천하는 백 관련 프로젝트 주제가 있을까?",
  "Completion": "RESTful API 서버, 간단한 게시판이나 로그인 시스템을 추천드립니다. DB 연동, 예외 처리까지 포함하면 더 실무에 가깝습니다."
 },
 {
  "세부전공": "DS",
  "카테고리": "정보제공",
  "Text": "추천하는 데이터 관련 프로젝트 주제가 있을까?",
  "Completion": "영화 평점 예측, 소비 패턴 분석, 공공데이터 시각화 프로젝트가 유익합니다. 분석부터 시각화까지 전 과정을 경험할 수 있는 주제입니다."
 },
 {
  "세부전공": "DS",
  "카테고리": "정보제공",
  "Text": "데이터베이스나 서버 관련 직무는 어떤 것들이 있어?",
  "Completion": "데이터 엔지니어, DBA, 시스템 엔지니어, 클라우드 개발자, DevOps 엔지니어 등이 있습니다. 서버와 데이터 인프라를 설계하고 운영하는 역할입니다."
 }
]